Workbook

Sheet 源数据
A1: 成交日期 | B1: 销售工号 | C1: 产品 | D1: 成交客户数 | E1: 成交金额 | F1: 产品类型 | G1: 期数 | H1: 区域 | I1: 省份 | J1: 小组 | K1: 业务组 | L1: 职务类别 | M1: 客单价 | N1: 成交年份 | O1: 成交月份
A2: 43922 | B2: 1000000028 | C2: 借呗12期 | D2: 3 | E2: 55000.68 | F2: 借呗 | G2: 12期 | H2: 华东 | I2: 杭州 | J2: 二组 | K2: 杭州二组 | L2: 普通员工 | M2: 18333.56 | N2: 2020 | O2: 4
A3: 43922 | B3: 1000000029 | C3: 借呗12期 | D3: 2 | E3: 40000.49 | F3: 借呗 | G3: 12期 | H3: 华东 | I3: 杭州 | J3: 二组 | K3: 杭州二组 | L3: 普通员工 | M3: 20000.25 | N3: 2020 | O3: 4
A4: 43922 | B4: 1000000032 | C4: 借呗6期 | D4: 1 | E4: 22000.65 | F4: 借呗 | G4: 6期 | H4: 华东 | I4: 苏州 | J4: 一组 | K4: 苏州一组 | L4: 管理人员 | M4: 22000.65 | N4: 2020 | O4: 4
A5: 43922 | B5: 1000000031 | C5: 借呗12期 | D5: 1 | E5: 20000.75 | F5: 借呗 | G5: 12期 | H5: 华东 | I5: 杭州 | J5: 一组 | K5: 杭州一组 | L5: 管理人员 | M5: 20000.75 | N5: 2020 | O5: 4
A6: 43922 | B6: 1000000040 | C6: 借呗6期 | D6: 1 | E6: 20000.72 | F6: 借呗 | G6: 6期 | H6: 华西北 | I6: 北京 | J6: 四组 | K6: 北京四组 | L6: 管理人员 | M6: 20000.72 | N6: 2020 | O6: 4
A7: 43922 | B7: 1000000054 | C7: 借呗12期 | D7: 1 | E7: 20000.69 | F7: 借呗 | G7: 12期 | H7: 华东 | I7: 上海 | J7: 一组 | K7: 上海一组 | L7: 普通员工 | M7: 20000.69 | N7: 2020 | O7: 4
A8: 43922 | B8: 1000000035 | C8: 借呗12期 | D8: 1 | E8: 15000.57 | F8: 借呗 | G8: 12期 | H8: 华东 | I8: 苏州 | J8: 三组 | K8: 苏州三组 | L8: 普通员工 | M8: 15000.57 | N8: 2020 | O8: 4
A9: 43922 | B9: 1000000043 | C9: 借呗12期 | D9: 3 | E9: 14501.3 | F9: 借呗 | G9: 12期 | H9: 华西北 | I9: 成都 | J9: 一组 | K9: 成都一组 | L9: 普通员工 | M9: 4833.77 | N9: 2020 | O9: 4
A10: 43922 | B10: 1000000031 | C10: 借呗6期 | D10: 1 | E10: 5000.64 | F10: 借呗 | G10: 6期 | H10: 华东 | I10: 杭州 | J10: 一组 | K10: 杭州一组 | L10: 管理人员 | M10: 5000.64 | N10: 2020 | O10: 4
A11: 43922 | B11: 1000000049 | C11: 借呗6期 | D11: 1 | E11: 5000.64 | F11: 借呗 | G11: 6期 | H11: 华东 | I11: 合肥 | J11: 一组 | K11: 合肥一组 | L11: 普通员工 | M11: 5000.64 | N11: 2020 | O11: 4
A12: 43922 | B12: 1000000050 | C12: 借呗18期 | D12: 1 | E12: 5000.19 | F12: 借呗 | G12: 18期 | H12: 华东 | I12: 合肥 | J12: 一组 | K12: 合肥一组 | L12: 普通员工 | M12: 5000.19 | N12: 2020 | O12: 4
A13: 43923 | B13: 1000000029 | C13: 借呗12期 | D13: 2 | E13: 20000.93 | F13: 借呗 | G13: 12期 | H13: 华东 | I13: 杭州 | J13: 二组 | K13: 杭州二组 | L13: 普通员工 | M13: 10000.46 | N13: 2020 | O13: 4
... A15879: 44043 | B15879: 1000039054 | C15879: 借呗12期 | D15879: 1 | E15879: 6000.23 | F15879: 借呗 | G15879: 12期 | H15879: 华西北 | I15879: 北京 | J15879: 一组 | K15879: 北京一组 | L15879: 普通员工 | M15879: 6000.23 | N15879: 2020 | O15879: 7

Sheet 辅助表
A1: 行标签
A2: 4
A3: 5
A4: 6
A5: 7

Sheet 报表
A1: 最新数据时间： | C1: =MAX(源数据!A:A) -> 44043
A2: =H4&"月销售数据汇总" -> 4月销售数据汇总
A4: 月累计 | G4: 月份筛选： | H4: 4
B5: 成交金额 | D5: 成交客户数 | F5: 客单价
B6: =SUMIF(源数据!$O:$O,报表!$H$4,源数据!$E:$E) -> 8361888 | D6: =SUMIF(源数据!$O:$O,报表!$H$4,源数据!$D:$D) -> 665 | F6: =B6/D6 -> 12574.268
A7: 月环比 | B7: =IFERROR($B$6/SUMIF(源数据!$O:$O,报表!$H$4-1,源数据!$E:$E)-1,"-") -> - | D7: =IFERROR($D$6/SUMIF(源数据!$O:$O,报表!$H$4-1,源数据!$D:$D)-1,"-") -> - | F7: =IFERROR($F$6/(SUMIF(源数据!$O:$O,报表!$H$4-1,源数据!$E:$E)/SUMIF(源数据!$O:$O,报表!$H$4-1,源数据!$D:$D))-1,"-") -> -
A9: 省份成交情况
A10: 区域 | B10: 省份 | C10: 成交金额 | D10: 月环比 | E10: 成交客户数 | F10: 月环比 | G10: 客单价 | H10: 月环比
A11: 华东 | B11: 杭州 | C11: =SUMIFS(源数据!$E:$E,源数据!$H:$H,报表!$A11,源数据!$I:$I,$B11,源数据!$O:$O,报表!$H$4) -> 1701581.2 | D11: =IFERROR(C11/SUMIFS(源数据!$E:$E,源数据!$H:$H,报表!$A11,源数据!$I:$I,报表!$B11,源数据!$O:$O,报表!$H$4-1)-1,"-") -> - | E11: =SUMIFS(源数据!D:D,源数据!$H:$H,报表!$A11,源数据!$I:$I,报表!$B11,源数据!$O:$O,报表!$H$4) -> 128 | F11: =IFERROR(E11/SUMIFS(源数据!D:D,源数据!$H:$H,报表!$A11,源数据!$I:$I,报表!$B11,源数据!$O:$O,报表!$H$4-1)-1,"-") -> - | G11: =IFERROR(C11/E11,"-") -> 13293.603 | H11: =IFERROR(G11/(SUMIFS(源数据!$E:$E,源数据!$H:$H,$A11,源数据!$I:$I,$B11,源数据!$O:$O,$H$4-1)/SUMIFS(源数据!D:D,源数据!$H:$H,$A11,源数据!$I:$I,$B11,源数据!$O:$O,$H$4-1))-1,"-") -> -
A12: 华东 | B12: 苏州 | C12: =SUMIFS(源数据!$E:$E,源数据!$H:$H,报表!$A12,源数据!$I:$I,$B12,源数据!$O:$O,报表!$H$4) -> 1725575.6 | D12: =IFERROR(C12/SUMIFS(源数据!$E:$E,源数据!$H:$H,报表!$A12,源数据!$I:$I,报表!$B12,源数据!$O:$O,报表!$H$4-1)-1,"-") -> - | E12: =SUMIFS(源数据!D:D,源数据!$H:$H,报表!$A12,源数据!$I:$I,报表!$B12,源数据!$O:$O,报表!$H$4) -> 132 | F12: =IFERROR(E12/SUMIFS(源数据!D:D,源数据!$H:$H,报表!$A12,源数据!$I:$I,报表!$B12,源数据!$O:$O,报表!$H$4-1)-1,"-") -> - | G12: =IFERROR(C12/E12,"-") -> 13072.543 | H12: =IFERROR(G12/(SUMIFS(源数据!$E:$E,源数据!$H:$H,$A12,源数据!$I:$I,$B12,源数据!$O:$O,$H$4-1)/SUMIFS(源数据!D:D,源数据!$H:$H,$A12,源数据!$I:$I,$B12,源数据!$O:$O,$H$4-1))-1,"-") -> -
A13: 华东 | B13: 合肥 | C13: =SUMIFS(源数据!$E:$E,源数据!$H:$H,报表!$A13,源数据!$I:$I,$B13,源数据!$O:$O,报表!$H$4) -> 958022.95 | D13: =IFERROR(C13/SUMIFS(源数据!$E:$E,源数据!$H:$H,报表!$A13,源数据!$I:$I,报表!$B13,源数据!$O:$O,报表!$H$4-1)-1,"-") -> - | E13: =SUMIFS(源数据!D:D,源数据!$H:$H,报表!$A13,源数据!$I:$I,报表!$B13,源数据!$O:$O,报表!$H$4) -> 72 | F13: =IFERROR(E13/SUMIFS(源数据!D:D,源数据!$H:$H,报表!$A13,源数据!$I:$I,报表!$B13,源数据!$O:$O,报表!$H$4-1)-1,"-") -> - | G13: =IFERROR(C13/E13,"-") -> 13305.874 | H13: =IFERROR(G13/(SUMIFS(源数据!$E:$E,源数据!$H:$H,$A13,源数据!$I:$I,$B13,源数据!$O:$O,$H$4-1)/SUMIFS(源数据!D:D,源数据!$H:$H,$A13,源数据!$I:$I,$B13,源数据!$O:$O,$H$4-1))-1,"-") -> -
A14: 华东 | B14: 上海 | C14: =SUMIFS(源数据!$E:$E,源数据!$H:$H,报表!$A14,源数据!$I:$I,$B14,源数据!$O:$O,报表!$H$4) -> 1264428.7 | D14: =IFERROR(C14/SUMIFS(源数据!$E:$E,源数据!$H:$H,报表!$A14,源数据!$I:$I,报表!$B14,源数据!$O:$O,报表!$H$4-1)-1,"-") -> - | E14: =SUMIFS(源数据!D:D,源数据!$H:$H,报表!$A14,源数据!$I:$I,报表!$B14,源数据!$O:$O,报表!$H$4) -> 105 | F14: =IFERROR(E14/SUMIFS(源数据!D:D,源数据!$H:$H,报表!$A14,源数据!$I:$I,报表!$B14,源数据!$O:$O,报表!$H$4-1)-1,"-") -> - | G14: =IFERROR(C14/E14,"-") -> 12042.178 | H14: =IFERROR(G14/(SUMIFS(源数据!$E:$E,源数据!$H:$H,$A14,源数据!$I:$I,$B14,源数据!$O:$O,$H$4-1)/SUMIFS(源数据!D:D,源数据!$H:$H,$A14,源数据!$I:$I,$B14,源数据!$O:$O,$H$4-1))-1,"-") -> -
A15: 华东 | B15: 南京 | C15: =SUMIFS(源数据!$E:$E,源数据!$H:$H,报表!$A15,源数据!$I:$I,$B15,源数据!$O:$O,报表!$H$4) -> 0 | D15: =IFERROR(C15/SUMIFS(源数据!$E:$E,源数据!$H:$H,报表!$A15,源数据!$I:$I,报表!$B15,源数据!$O:$O,报表!$H$4-1)-1,"-") -> - | E15: =SUMIFS(源数据!D:D,源数据!$H:$H,报表!$A15,源数据!$I:$I,报表!$B15,源数据!$O:$O,报表!$H$4) -> 0 | F15: =IFERROR(E15/SUMIFS(源数据!D:D,源数据!$H:$H,报表!$A15,源数据!$I:$I,报表!$B15,源数据!$O:$O,报表!$H$4-1)-1,"-") -> - | G15: =IFERROR(C15/E15,"-") -> - | H15: =IFERROR(G15/(SUMIFS(源数据!$E:$E,源数据!$H:$H,$A15,源数据!$I:$I,$B15,源数据!$O:$O,$H$4-1)/SUMIFS(源数据!D:D,源数据!$H:$H,$A15,源数据!$I:$I,$B15,源数据!$O:$O,$H$4-1))-1,"-") -> -
A16: 华南 | B16: 广州 | C16: =SUMIFS(源数据!$E:$E,源数据!$H:$H,报表!$A16,源数据!$I:$I,$B16,源数据!$O:$O,报表!$H$4) -> 855690.26 | D16: =IFERROR(C16/SUMIFS(源数据!$E:$E,源数据!$H:$H,报表!$A16,源数据!$I:$I,报表!$B16,源数据!$O:$O,报表!$H$4-1)-1,"-") -> - | E16: =SUMIFS(源数据!D:D,源数据!$H:$H,报表!$A16,源数据!$I:$I,报表!$B16,源数据!$O:$O,报表!$H$4) -> 74 | F16: =IFERROR(E16/SUMIFS(源数据!D:D,源数据!$H:$H,报表!$A16,源数据!$I:$I,报表!$B16,源数据!$O:$O,报表!$H$4-1)-1,"-") -> - | G16: =IFERROR(C16/E16,"-") -> 11563.382 | H16: =IFERROR(G16/(SUMIFS(源数据!$E:$E,源数据!$H:$H,$A16,源数据!$I:$I,$B16,源数据!$O:$O,$H$4-1)/SUMIFS(源数据!D:D,源数据!$H:$H,$A16,源数据!$I:$I,$B16,源数据!$O:$O,$H$4-1))-1,"-") -> -
A17: 华南 | B17: 深圳 | C17: =SUMIFS(源数据!$E:$E,源数据!$H:$H,报表!$A17,源数据!$I:$I,$B17,源数据!$O:$O,报表!$H$4) -> 169505.03 | D17: =IFERROR(C17/SUMIFS(源数据!$E:$E,源数据!$H:$H,报表!$A17,源数据!$I:$I,报表!$B17,源数据!$O:$O,报表!$H$4-1)-1,"-") -> - | E17: =SUMIFS(源数据!D:D,源数据!$H:$H,报表!$A17,源数据!$I:$I,报表!$B17,源数据!$O:$O,报表!$H$4) -> 15 | F17: =IFERROR(E17/SUMIFS(源数据!D:D,源数据!$H:$H,报表!$A17,源数据!$I:$I,报表!$B17,源数据!$O:$O,报表!$H$4-1)-1,"-") -> - | G17: =IFERROR(C17/E17,"-") -> 11300.335 | H17: =IFERROR(G17/(SUMIFS(源数据!$E:$E,源数据!$H:$H,$A17,源数据!$I:$I,$B17,源数据!$O:$O,$H$4-1)/SUMIFS(源数据!D:D,源数据!$H:$H,$A17,源数据!$I:$I,$B17,源数据!$O:$O,$H$4-1))-1,"-") -> -
A18: 华西北 | B18: 北京 | C18: =SUMIFS(源数据!$E:$E,源数据!$H:$H,报表!$A18,源数据!$I:$I,$B18,源数据!$O:$O,报表!$H$4) -> 923270.11 | D18: =IFERROR(C18/SUMIFS(源数据!$E:$E,源数据!$H:$H,报表!$A18,源数据!$I:$I,报表!$B18,源数据!$O:$O,报表!$H$4-1)-1,"-") -> - | E18: =SUMIFS(源数据!D:D,源数据!$H:$H,报表!$A18,源数据!$I:$I,报表!$B18,源数据!$O:$O,报表!$H$4) -> 73 | F18: =IFERROR(E18/SUMIFS(源数据!D:D,源数据!$H:$H,报表!$A18,源数据!$I:$I,报表!$B18,源数据!$O:$O,报表!$H$4-1)-1,"-") -> - | G18: =IFERROR(C18/E18,"-") -> 12647.536 | H18: =IFERROR(G18/(SUMIFS(源数据!$E:$E,源数据!$H:$H,$A18,源数据!$I:$I,$B18,源数据!$O:$O,$H$4-1)/SUMIFS(源数据!D:D,源数据!$H:$H,$A18,源数据!$I:$I,$B18,源数据!$O:$O,$H$4-1))-1,"-") -> -
A19: 华西北 | B19: 成都 | C19: =SUMIFS(源数据!$E:$E,源数据!$H:$H,报表!$A19,源数据!$I:$I,$B19,源数据!$O:$O,报表!$H$4) -> 353015.44 | D19: =IFERROR(C19/SUMIFS(源数据!$E:$E,源数据!$H:$H,报表!$A19,源数据!$I:$I,报表!$B19,源数据!$O:$O,报表!$H$4-1)-1,"-") -> - | E19: =SUMIFS(源数据!D:D,源数据!$H:$H,报表!$A19,源数据!$I:$I,报表!$B19,源数据!$O:$O,报表!$H$4) -> 37 | F19: =IFERROR(E19/SUMIFS(源数据!D:D,源数据!$H:$H,报表!$A19,源数据!$I:$I,报表!$B19,源数据!$O:$O,报表!$H$4-1)-1,"-") -> - | G19: =IFERROR(C19/E19,"-") -> 9540.9578 | H19: =IFERROR(G19/(SUMIFS(源数据!$E:$E,源数据!$H:$H,$A19,源数据!$I:$I,$B19,源数据!$O:$O,$H$4-1)/SUMIFS(源数据!D:D,源数据!$H:$H,$A19,源数据!$I:$I,$B19,源数据!$O:$O,$H$4-1))-1,"-") -> -
A20: 华西北 | B20: 重庆 | C20: =SUMIFS(源数据!$E:$E,源数据!$H:$H,报表!$A20,源数据!$I:$I,$B20,源数据!$O:$O,报表!$H$4) -> 155792.74 | D20: =IFERROR(C20/SUMIFS(源数据!$E:$E,源数据!$H:$H,报表!$A20,源数据!$I:$I,报表!$B20,源数据!$O:$O,报表!$H$4-1)-1,"-") -> - | E20: =SUMIFS(源数据!D:D,源数据!$H:$H,报表!$A20,源数据!$I:$I,报表!$B20,源数据!$O:$O,报表!$H$4) -> 12 | F20: =IFERROR(E20/SUMIFS(源数据!D:D,源数据!$H:$H,报表!$A20,源数据!$I:$I,报表!$B20,源数据!$O:$O,报表!$H$4-1)-1,"-") -> - | G20: =IFERROR(C20/E20,"-") -> 12982.728 | H20: =IFERROR(G20/(SUMIFS(源数据!$E:$E,源数据!$H:$H,$A20,源数据!$I:$I,$B20,源数据!$O:$O,$H$4-1)/SUMIFS(源数据!D:D,源数据!$H:$H,$A20,源数据!$I:$I,$B20,源数据!$O:$O,$H$4-1))-1,"-") -> -
A21: 华西北 | B21: 西安 | C21: =SUMIFS(源数据!$E:$E,源数据!$H:$H,报表!$A21,源数据!$I:$I,$B21,源数据!$O:$O,报表!$H$4) -> 255005.87 | D21: =IFERROR(C21/SUMIFS(源数据!$E:$E,源数据!$H:$H,报表!$A21,源数据!$I:$I,报表!$B21,源数据!$O:$O,报表!$H$4-1)-1,"-") -> - | E21: =SUMIFS(源数据!D:D,源数据!$H:$H,报表!$A21,源数据!$I:$I,报表!$B21,源数据!$O:$O,报表!$H$4) -> 17 | F21: =IFERROR(E21/SUMIFS(源数据!D:D,源数据!$H:$H,报表!$A21,源数据!$I:$I,报表!$B21,源数据!$O:$O,报表!$H$4-1)-1,"-") -> - | G21: =IFERROR(C21/E21,"-") -> 15000.345 | H21: =IFERROR(G21/(SUMIFS(源数据!$E:$E,源数据!$H:$H,$A21,源数据!$I:$I,$B21,源数据!$O:$O,$H$4-1)/SUMIFS(源数据!D:D,源数据!$H:$H,$A21,源数据!$I:$I,$B21,源数据!$O:$O,$H$4-1))-1,"-") -> -
A22: 总计 | C22: =SUM(C11:C21) -> 8361888 | D22: =IFERROR($B$6/SUMIF([1]源数据!$O:$O,[1]报表!$H$4-1,[1]源数据!$E:$E)-1,"-") -> - | E22: =SUM(E11:E21) -> 665 | F22: =IFERROR($D$6/SUMIF(源数据!$O:$O,报表!$H$4-1,源数据!$D:$D)-1,"-") -> - | G22: =C22/E22 -> 12574.268 | H22: =IFERROR(G22/(SUMIF(源数据!$O:$O,报表!$H$4-1,源数据!$E:$E)/SUMIF(源数据!$O:$O,报表!$H$4-1,源数据!$D:$D))-1,"-") -> -
A25: 产品成交情况
A26: 期数 | B26: 成交金额 | C26: 占比 | D26: 月环比 | E26: 成交客户数 | F26: 月环比 | G26: 客单价 | H26: 月环比
A27: 1期 | B27: =SUMIFS(源数据!$E:$E,源数据!$G:$G,报表!$A27,源数据!$O:$O,报表!$H$4) -> 0 | C27: =B27/$B$33 -> 0 | D27: =IFERROR(B27/SUMIFS(源数据!$E:$E,源数据!$G:$G,报表!$A27,源数据!$O:$O,报表!$H$4-1)-1,"-") -> - | E27: =SUMIFS(源数据!$D:$D,源数据!$G:$G,报表!$A27,源数据!$O:$O,报表!$H$4) -> 0 | F27: =IFERROR(E27/SUMIFS(源数据!$D:$D,源数据!$G:$G,报表!$A27,源数据!$O:$O,报表!$H$4-1)-1,"-") -> - | G27: =IFERROR(B27/E27,"-") -> - | H27: =IFERROR(G27/(SUMIFS(源数据!$E:$E,源数据!$G:$G,报表!$A27,源数据!$O:$O,报表!$H$4-1)/SUMIFS(源数据!$D:$D,源数据!$G:$G,报表!$A27,源数据!$O:$O,报表!$H$4-1))-1,"-") -> -
A28: 3期 | B28: =SUMIFS(源数据!$E:$E,源数据!$G:$G,报表!$A28,源数据!$O:$O,报表!$H$4) -> 0 | C28: =B28/$B$33 -> 0 | D28: =IFERROR(B28/SUMIFS(源数据!$E:$E,源数据!$G:$G,报表!$A28,源数据!$O:$O,报表!$H$4-1)-1,"-") -> - | E28: =SUMIFS(源数据!$D:$D,源数据!$G:$G,报表!$A28,源数据!$O:$O,报表!$H$4) -> 0 | F28: =IFERROR(E28/SUMIFS(源数据!$D:$D,源数据!$G:$G,报表!$A28,源数据!$O:$O,报表!$H$4-1)-1,"-") -> - | G28: =IFERROR(B28/E28,"-") -> - | H28: =IFERROR(G28/(SUMIFS(源数据!$E:$E,源数据!$G:$G,报表!$A28,源数据!$O:$O,报表!$H$4-1)/SUMIFS(源数据!$D:$D,源数据!$G:$G,报表!$A28,源数据!$O:$O,报表!$H$4-1))-1,"-") -> -
A29: 6期 | B29: =SUMIFS(源数据!$E:$E,源数据!$G:$G,报表!$A29,源数据!$O:$O,报表!$H$4) -> 2298597.1 | C29: =B29/$B$33 -> 0.27488973 | D29: =IFERROR(B29/SUMIFS(源数据!$E:$E,源数据!$G:$G,报表!$A29,源数据!$O:$O,报表!$H$4-1)-1,"-") -> - | E29: =SUMIFS(源数据!$D:$D,源数据!$G:$G,报表!$A29,源数据!$O:$O,报表!$H$4) -> 219 | F29: =IFERROR(E29/SUMIFS(源数据!$D:$D,源数据!$G:$G,报表!$A29,源数据!$O:$O,报表!$H$4-1)-1,"-") -> - | G29: =IFERROR(B29/E29,"-") -> 10495.877 | H29: =IFERROR(G29/(SUMIFS(源数据!$E:$E,源数据!$G:$G,报表!$A29,源数据!$O:$O,报表!$H$4-1)/SUMIFS(源数据!$D:$D,源数据!$G:$G,报表!$A29,源数据!$O:$O,报表!$H$4-1))-1,"-") -> -
A30: 9期 | B30: =SUMIFS(源数据!$E:$E,源数据!$G:$G,报表!$A30,源数据!$O:$O,报表!$H$4) -> 0 | C30: =B30/$B$33 -> 0 | D30: =IFERROR(B30/SUMIFS(源数据!$E:$E,源数据!$G:$G,报表!$A30,源数据!$O:$O,报表!$H$4-1)-1,"-") -> - | E30: =SUMIFS(源数据!$D:$D,源数据!$G:$G,报表!$A30,源数据!$O:$O,报表!$H$4) -> 0 | F30: =IFERROR(E30/SUMIFS(源数据!$D:$D,源数据!$G:$G,报表!$A30,源数据!$O:$O,报表!$H$4-1)-1,"-") -> - | G30: =IFERROR(B30/E30,"-") -> - | H30: =IFERROR(G30/(SUMIFS(源数据!$E:$E,源数据!$G:$G,报表!$A30,源数据!$O:$O,报表!$H$4-1)/SUMIFS(源数据!$D:$D,源数据!$G:$G,报表!$A30,源数据!$O:$O,报表!$H$4-1))-1,"-") -> -
A31: 12期 | B31: =SUMIFS(源数据!$E:$E,源数据!$G:$G,报表!$A31,源数据!$O:$O,报表!$H$4) -> 3903602.8 | C31: =B31/$B$33 -> 0.46683271 | D31: =IFERROR(B31/SUMIFS(源数据!$E:$E,源数据!$G:$G,报表!$A31,源数据!$O:$O,报表!$H$4-1)-1,"-") -> - | E31: =SUMIFS(源数据!$D:$D,源数据!$G:$G,报表!$A31,源数据!$O:$O,报表!$H$4) -> 299 | F31: =IFERROR(E31/SUMIFS(源数据!$D:$D,源数据!$G:$G,报表!$A31,源数据!$O:$O,报表!$H$4-1)-1,"-") -> - | G31: =IFERROR(B31/E31,"-") -> 13055.528 | H31: =IFERROR(G31/(SUMIFS(源数据!$E:$E,源数据!$G:$G,报表!$A31,源数据!$O:$O,报表!$H$4-1)/SUMIFS(源数据!$D:$D,源数据!$G:$G,报表!$A31,源数据!$O:$O,报表!$H$4-1))-1,"-") -> -
A32: 18期 | B32: =SUMIFS(源数据!$E:$E,源数据!$G:$G,报表!$A32,源数据!$O:$O,报表!$H$4) -> 2159688 | C32: =B32/$B$33 -> 0.25827756 | D32: =IFERROR(B32/SUMIFS(源数据!$E:$E,源数据!$G:$G,报表!$A32,源数据!$O:$O,报表!$H$4-1)-1,"-") -> - | E32: =SUMIFS(源数据!$D:$D,源数据!$G:$G,报表!$A32,源数据!$O:$O,报表!$H$4) -> 147 | F32: =IFERROR(E32/SUMIFS(源数据!$D:$D,源数据!$G:$G,报表!$A32,源数据!$O:$O,报表!$H$4-1)-1,"-") -> - | G32: =IFERROR(B32/E32,"-") -> 14691.755 | H32: =IFERROR(G32/(SUMIFS(源数据!$E:$E,源数据!$G:$G,报表!$A32,源数据!$O:$O,报表!$H$4-1)/SUMIFS(源数据!$D:$D,源数据!$G:$G,报表!$A32,源数据!$O:$O,报表!$H$4-1))-1,"-") -> -
A33: 总计 | B33: =SUM(B27:B32) -> 8361888 | C33: =B33/$B$33 -> 1 | D33: =IFERROR($B$6/SUMIF(源数据!$O:$O,报表!$H$4-1,源数据!$E:$E)-1,"-") -> - | E33: =SUM(E27:E32) -> 665 | F33: =IFERROR($D$6/SUMIF(源数据!$O:$O,报表!$H$4-1,源数据!$D:$D)-1,"-") -> - | G33: =B33/E33 -> 12574.268 | H33: =IFERROR(G33/(SUMIF(源数据!$O:$O,报表!$H$4-1,源数据!$E:$E)/SUMIF(源数据!$O:$O,报表!$H$4-1,源数据!$D:$D))-1,"-") -> -
